nth fibonacci number,Time (seconds)
10,0.001872
15,0.001868
20,0.002269
25,0.001744
30,0.002521
35,0.003624
40,0.003342
45,0.003356
50,0.003608
55,0.00415
60,0.004915