nth fibonacci number,Time (seconds)
10,0.000102
15,0.000611
20,0.00622
25,0.041396
30,0.430278
35,5.02837
40,55.273